{
  "scenario1_normal": {
    "description": "\u6b63\u5e38\u5bfc\u822a\uff1a\u76ee\u6807\u5728\u524d\u65b95m\uff0c\u65e0\u8fd1\u8ddd\u79bb\u969c\u788d\u7269",
    "state": [
      5.0,
      0.0,
      10.0,
      10.0,
      10.0,
      10.0,
      10.0,
      10.0,
      10.0,
      10.0,
      10.0,
      10.0,
      10.0,
      10.0,
      10.0,
      10.0,
      10.0,
      10.0,
      10.0,
      10.0,
      10.0,
      10.0,
      10.0,
      10.0,
      10.0,
      10.0,
      10.0,
      10.0,
      10.0,
      10.0,
      10.0,
      10.0,
      10.0,
      10.0,
      10.0,
      10.0,
      10.0,
      10.0
    ],
    "observation_error": 0.01,
    "action_ranges": {
      "linear_velocity": [
        0.4999800317678978,
        0.5000154370457571
      ],
      "angular_velocity": [
        0.4943251283988353,
        0.49564885970876266
      ]
    },
    "computation_time": 195.40730023384094,
    "safety": {
      "is_safe": true,
      "reasons": []
    }
  },
  "scenario2_turning": {
    "description": "\u9700\u8981\u8f6c\u5411\uff1a\u76ee\u6807\u5728\u53f3\u4fa745\u5ea6\uff0c3m\u8fdc",
    "state": [
      3.0,
      0.7850000262260437,
      10.0,
      10.0,
      10.0,
      10.0,
      10.0,
      10.0,
      10.0,
      10.0,
      10.0,
      10.0,
      10.0,
      10.0,
      10.0,
      10.0,
      10.0,
      10.0,
      10.0,
      10.0,
      10.0,
      10.0,
      10.0,
      10.0,
      10.0,
      10.0,
      10.0,
      10.0,
      10.0,
      10.0,
      10.0,
      10.0,
      10.0,
      10.0,
      10.0,
      10.0,
      10.0,
      10.0
    ],
    "observation_error": 0.01,
    "action_ranges": {
      "linear_velocity": [
        0.4999941413306209,
        0.5000014283099041
      ],
      "angular_velocity": [
        0.493713064392723,
        0.4940673739095679
      ]
    },
    "computation_time": 191.5673098564148,
    "safety": {
      "is_safe": true,
      "reasons": []
    }
  },
  "scenario3_obstacle_ahead": {
    "description": "\u524d\u65b9\u6709\u969c\u788d\u7269\uff1a\u76ee\u68075m\u8fdc\uff0c\u4f46\u524d\u65b91m\u5904\u6709\u969c\u788d",
    "state": [
      5.0,
      0.0,
      1.0,
      1.0,
      1.0,
      10.0,
      10.0,
      10.0,
      10.0,
      10.0,
      10.0,
      10.0,
      10.0,
      10.0,
      10.0,
      10.0,
      10.0,
      10.0,
      10.0,
      10.0,
      10.0,
      10.0,
      10.0,
      10.0,
      10.0,
      10.0,
      10.0,
      10.0,
      10.0,
      10.0,
      10.0,
      10.0,
      10.0,
      10.0,
      10.0,
      10.0,
      10.0,
      10.0
    ],
    "observation_error": 0.01,
    "action_ranges": {
      "linear_velocity": [
        0.49990842704391786,
        0.4999434019782431
      ],
      "angular_velocity": [
        0.49110944737374024,
        0.49244196626309517
      ]
    },
    "computation_time": 199.91329956054688,
    "safety": {
      "is_safe": true,
      "reasons": []
    }
  },
  "scenario4_near_goal": {
    "description": "\u63a5\u8fd1\u76ee\u6807\uff1a\u76ee\u6807\u57280.5m\u8fdc\uff0c\u524d\u65b9\u65e0\u969c\u788d",
    "state": [
      0.5,
      0.10000000149011612,
      10.0,
      10.0,
      10.0,
      10.0,
      10.0,
      10.0,
      10.0,
      10.0,
      10.0,
      10.0,
      10.0,
      10.0,
      10.0,
      10.0,
      10.0,
      10.0,
      10.0,
      10.0,
      10.0,
      10.0,
      10.0,
      10.0,
      10.0,
      10.0,
      10.0,
      10.0,
      10.0,
      10.0,
      10.0,
      10.0,
      10.0,
      10.0,
      10.0,
      10.0,
      10.0,
      10.0
    ],
    "observation_error": 0.01,
    "action_ranges": {
      "linear_velocity": [
        0.4999880821362985,
        0.5000072717276091
      ],
      "angular_velocity": [
        0.49183489234508326,
        0.4929284315760598
      ]
    },
    "computation_time": 194.37553668022156,
    "safety": {
      "is_safe": true,
      "reasons": []
    }
  },
  "scenario5_dangerous": {
    "description": "\u5371\u9669\u573a\u666f\uff1a\u76ee\u68073m\u8fdc\uff0c\u4f46\u5468\u56f4\u90fd\u662f\u969c\u788d\u7269",
    "state": [
      3.0,
      0.20000000298023224,
      0.30000001192092896,
      0.30000001192092896,
      0.30000001192092896,
      0.30000001192092896,
      0.30000001192092896,
      0.30000001192092896,
      0.30000001192092896,
      0.30000001192092896,
      0.30000001192092896,
      0.30000001192092896,
      0.30000001192092896,
      0.30000001192092896,
      0.30000001192092896,
      0.30000001192092896,
      0.30000001192092896,
      0.30000001192092896,
      0.30000001192092896,
      0.30000001192092896,
      0.30000001192092896,
      0.30000001192092896,
      0.30000001192092896,
      0.30000001192092896,
      0.30000001192092896,
      0.30000001192092896,
      0.30000001192092896,
      0.30000001192092896,
      0.30000001192092896,
      0.30000001192092896,
      0.30000001192092896,
      0.30000001192092896,
      0.30000001192092896,
      0.30000001192092896,
      0.30000001192092896,
      0.30000001192092896,
      0.30000001192092896,
      0.30000001192092896
    ],
    "observation_error": 0.01,
    "action_ranges": {
      "linear_velocity": [
        -0.17086452793929618,
        0.36408968884285925
      ],
      "angular_velocity": [
        -0.19734188077689485,
        0.29259568891063
      ]
    },
    "computation_time": 240.04532432556152,
    "safety": {
      "is_safe": false,
      "reasons": [
        "\u52a8\u4f5c0\u4e0d\u786e\u5b9a\u6027\u8fc7\u5927: 0.5350 > 0.3",
        "\u52a8\u4f5c1\u4e0d\u786e\u5b9a\u6027\u8fc7\u5927: 0.4899 > 0.3",
        "\u63a5\u8fd1\u969c\u788d\u7269(0.30m)\u4f46\u53ef\u80fd\u524d\u8fdb(0.364)"
      ]
    }
  }
}